name,url,urlname,members,city,rating,query,lat,lon,country,past_events_count,organizer_count,primary_organizer,last_event_date,has_upcoming_events,events_url,leaders_url,days_since_last_event
PyData St. Louis,https://www.meetup.com/pydata-st-louis,pydata-st-louis,75,Saint Louis,4.8,St. Louis,38.6254063,-90.190009,United States,2,5.0,"NumFOCUS, Inc.",2026-03-02T23:30:00-06:00[America/Chicago],True,https://www.meetup.com/pydata-st-louis/events/,https://www.meetup.com/pydata-st-louis/members/?op=leaders,14.0
PyData Chicago,https://www.meetup.com/pydatachi,pydatachi,6191,Chicago,4.6,Chicago,41.8755616,-87.6244212,United States,134,5.0,"NumFOCUS, Inc.",2026-02-20T00:00:00-06:00[America/Chicago],True,https://www.meetup.com/pydatachi/events/,https://www.meetup.com/pydatachi/members/?op=leaders,25.0
PyData Ann Arbor,https://www.meetup.com/pydata-ann-arbor,pydata-ann-arbor,1375,Ann Arbor,4.7,Ann Arbor,42.2813722,-83.7484616,United States,49,4.0,Benjamin Zaitlen,2025-12-09T10:30:00-05:00[America/New_York],False,https://www.meetup.com/pydata-ann-arbor/events/,https://www.meetup.com/pydata-ann-arbor/members/?op=leaders,98.0
PyData Denver,https://www.meetup.com/PyData-Denver,PyData-Denver,1694,Denver,4.8,Denver,39.7392364,-104.984862,United States,35,9.0,,2025-12-09T10:30:00-07:00[America/Denver],False,https://www.meetup.com/PyData-Denver/events/,https://www.meetup.com/PyData-Denver/members/?op=leaders,98.0
NEO AI - a PyData Group,https://www.meetup.com/neo-ai,neo-ai,115,Cleveland,,"Cleveland, Ohio, USA",41.4996574,-81.6936772,United States,10,,Phil G.,2025-08-26T22:30:00-04:00[America/New_York],False,https://www.meetup.com/neo-ai/events/,https://www.meetup.com/neo-ai/members/?op=leaders,203.0
Dallas Data Engineers - a PyData Group,https://www.meetup.com/dallas-data-engineers,dallas-data-engineers,634,Dallas,4.8,"Dallas, Texas, USA",32.7762719,-96.7968559,United States,16,4.0,Jonathan Porter,2025-10-09T23:00:00-05:00[America/Chicago],False,https://www.meetup.com/dallas-data-engineers/events/,https://www.meetup.com/dallas-data-engineers/members/?op=leaders,159.0
PyData Pittsburgh,https://www.meetup.com/pydata-pittsburgh,pydata-pittsburgh,1682,Pittsburgh,4.8,Pittsburgh,40.4406968,-80.0025666,United States,57,9.0,Pete Fein,2026-02-26T00:00:00-05:00[America/New_York],True,https://www.meetup.com/pydata-pittsburgh/events/,https://www.meetup.com/pydata-pittsburgh/members/?op=leaders,19.0
PyData Atlanta,https://www.meetup.com/PyData-Atlanta,PyData-Atlanta,3838,Atlanta,4.8,Atlanta,33.7544657,-84.3898151,United States,126,5.0,Jeremy Jacobson,2026-02-19T23:00:00-05:00[America/New_York],False,https://www.meetup.com/PyData-Atlanta/events/,https://www.meetup.com/PyData-Atlanta/members/?op=leaders,26.0
PyData Toronto,https://www.meetup.com/pydatato,pydatato,1865,Toronto,4.9,Toronto,43.6534817,-79.3839347,Canada,18,4.0,"NumFOCUS, Inc.",2025-12-09T10:30:00-05:00[America/Toronto],False,https://www.meetup.com/pydatato/events/,https://www.meetup.com/pydatato/members/?op=leaders,98.0
PyData Houston,https://www.meetup.com/PyData-Houston,PyData-Houston,462,Houston,,Houston,29.7589382,-95.3676974,United States,10,,Emily Cookson,2025-12-09T10:30:00-06:00[America/Chicago],False,https://www.meetup.com/PyData-Houston/events/,https://www.meetup.com/PyData-Houston/members/?op=leaders,98.0
Charlottesville Data Science (a PyData Group),https://www.meetup.com/charlottesvilledatascience,charlottesvilledatascience,1112,Charlottesville,4.8,"Charlottesville, Virginia, USA",38.029306,-78.4766781,United States,39,4.0,Patrick Harrison,2026-02-24T23:00:00-05:00[America/New_York],False,https://www.meetup.com/charlottesvilledatascience/events/,https://www.meetup.com/charlottesvilledatascience/members/?op=leaders,21.0
PyData DC Virtual,https://www.meetup.com/PyData-DC-Virtual,PyData-DC-Virtual,452,Washington,4.8,"Washington DC, USA",38.8950368,-77.0365427,United States,15,4.0,Joylyn,2025-12-16T22:30:00-05:00[America/New_York],False,https://www.meetup.com/PyData-DC-Virtual/events/,https://www.meetup.com/PyData-DC-Virtual/members/?op=leaders,91.0
PyData Northern Utah,https://www.meetup.com/pydata-northern-utah,pydata-northern-utah,74,Logan,,Northern Utah,41.8121497,-111.8117671,United States,10,3.0,Marc Dotson,2026-02-26T19:00:00-07:00[America/Denver],False,https://www.meetup.com/pydata-northern-utah/events/,https://www.meetup.com/pydata-northern-utah/members/?op=leaders,19.0
PyData NYC,https://www.meetup.com/pydatanyc,pydatanyc,8019,New York,4.7,"New York City, USA",40.7127281,-74.0060152,United States,88,16.0,"NumFOCUS, Inc.",2026-02-17T23:30:00-05:00[America/New_York],True,https://www.meetup.com/pydatanyc/events/,https://www.meetup.com/pydatanyc/members/?op=leaders,27.0
PyData Montreal,https://www.meetup.com/PyData-MTL,PyData-MTL,3940,Montréal,4.6,Montreal,45.5031824,-73.5698065,Canada,46,6.0,Jean-Michel Daignan,2026-02-18T22:30:00-05:00[America/Toronto],False,https://www.meetup.com/PyData-MTL/events/,https://www.meetup.com/PyData-MTL/members/?op=leaders,27.0
PyData Boston - Cambridge,https://www.meetup.com/pydata-boston-cambridge,pydata-boston-cambridge,3302,Boston,4.7,"Boston, Massachusetts, USA",42.3588336,-71.0578303,United States,62,17.0,Milos Miljkovic,2026-02-25T23:30:00-05:00[America/New_York],True,https://www.meetup.com/pydata-boston-cambridge/events/,https://www.meetup.com/pydata-boston-cambridge/members/?op=leaders,19.0
PyData Calgary,https://www.meetup.com/PyData-Calgary,PyData-Calgary,2690,Calgary,4.5,Calgary,51.0456064,-114.057541,Canada,73,5.0,"NumFOCUS, Inc.",2026-03-11T23:30:00-06:00[America/Edmonton],False,https://www.meetup.com/PyData-Calgary/events/,https://www.meetup.com/PyData-Calgary/members/?op=leaders,5.0
PyData Miami / Machine Learning Meetup,https://www.meetup.com/Miami-Machine-Learning-Meetup,Miami-Machine-Learning-Meetup,1981,Miami,4.7,"Miami, Florida, USA",25.7741566,-80.1935973,United States,52,3.0,"NumFOCUS, Inc.",2025-12-09T10:30:00-05:00[America/New_York],False,https://www.meetup.com/Miami-Machine-Learning-Meetup/events/,https://www.meetup.com/Miami-Machine-Learning-Meetup/members/?op=leaders,98.0
PyData Seattle,https://www.meetup.com/pydata_seattle,pydata_seattle,4193,Bellevue,4.6,Seattle,47.6038321,-122.330062,United States,99,7.0,"NumFOCUS, Inc.",2025-12-09T10:30:00-08:00[America/Los_Angeles],False,https://www.meetup.com/pydata_seattle/events/,https://www.meetup.com/pydata_seattle/members/?op=leaders,98.0
PyData PDX,https://www.meetup.com/PyData-PDX,PyData-PDX,1491,Portland,4.8,"Portland, Oregon, USA",45.5202471,-122.674194,United States,106,6.0,Allison,2026-02-12T01:15:00-08:00[America/Los_Angeles],True,https://www.meetup.com/PyData-PDX/events/,https://www.meetup.com/PyData-PDX/members/?op=leaders,33.0
PyData SLO,https://www.meetup.com/PydataSLO,PydataSLO,257,San Luis Obispo,4.8,"San Luis Obispo, California, USA",35.3540209,-120.375716,United States,32,7.0,Katya Vasilaky,2025-12-09T10:30:00-08:00[America/Los_Angeles],True,https://www.meetup.com/PydataSLO/events/,https://www.meetup.com/PydataSLO/members/?op=leaders,98.0
PyData San Francisco Bay Area,https://www.meetup.com/PyData-San-Francisco,PyData-San-Francisco,694,San Francisco,,San Francisco Bay Area,37.7884969,-122.3558473,United States,13,4.0,"NumFOCUS, Inc.",2025-12-09T10:30:00-08:00[America/Los_Angeles],False,https://www.meetup.com/PyData-San-Francisco/events/,https://www.meetup.com/PyData-San-Francisco/members/?op=leaders,98.0
PyData Veracruz,https://www.meetup.com/pydata-veracruz,pydata-veracruz,112,Veracruz,,Veracruz,19.333333,-96.666667,México,9,,Eliseo,2026-02-12T17:00:00-06:00[America/Mexico_City],False,https://www.meetup.com/pydata-veracruz/events/,https://www.meetup.com/pydata-veracruz/members/?op=leaders,33.0
PyData Panamá,https://www.meetup.com/pydata-panama,pydata-panama,368,Panamá,4.9,Panamá,8.559559,-81.1308434,Panamá,11,5.0,Arnulfo Reyes,2025-09-19T00:00:00-05:00[America/Panama],False,https://www.meetup.com/pydata-panama/events/,https://www.meetup.com/pydata-panama/members/?op=leaders,179.0
PyData T&T,https://www.meetup.com/pydata-t-t,pydata-t-t,328,Port of Spain,4.6,"Port of Spain, Trinidad and Tobago",10.6572678,-61.5180173,Trinidad and Tobago,53,9.0,T. Dyer,2026-02-24T23:00:00-04:00[America/Port_of_Spain],False,https://www.meetup.com/pydata-t-t/events/,https://www.meetup.com/pydata-t-t/members/?op=leaders,21.0
PyData Guayaquil,https://www.meetup.com/pydata-guayaquil,pydata-guayaquil,99,Guayaquil,,Guayaquil,-2.1900572,-79.8868669,Ecuador,3,3.0,"NumFOCUS, Inc.",2026-03-07T15:00:00-05:00[America/Guayaquil],False,https://www.meetup.com/pydata-guayaquil/events/,https://www.meetup.com/pydata-guayaquil/members/?op=leaders,10.0
PyData Glasgow,https://www.meetup.com/meetup-group-djhiglzd,meetup-group-djhiglzd,179,Glasgow,4.1,Glasgow,55.861155,-4.2501687,United Kingdom,8,3.0,Toluwaleke Ogidan,2026-02-16T18:00:00Z[Europe/London],False,https://www.meetup.com/meetup-group-djhiglzd/events/,https://www.meetup.com/meetup-group-djhiglzd/members/?op=leaders,29.0
PyData Ireland,https://www.meetup.com/pydataireland,pydataireland,2447,Dublin,4.5,"Dublin, Ireland",53.3493795,-6.2605593,Éire / Ireland,47,,Sukanya Mandal,2025-12-09T10:30:00Z[Europe/Dublin],True,https://www.meetup.com/pydataireland/events/,https://www.meetup.com/pydataireland/members/?op=leaders,98.0
PyData Cornwall,https://www.meetup.com/pydata-cornwall,pydata-cornwall,83,Newquay,4.9,"Newquay, UK",50.4134414,-5.0848836,United Kingdom,4,4.0,Tun,2026-03-12T18:45:00Z[Europe/London],False,https://www.meetup.com/pydata-cornwall/events/,https://www.meetup.com/pydata-cornwall/members/?op=leaders,5.0
PyData Manchester,https://www.meetup.com/pydata-manchester,pydata-manchester,3872,Manchester,4.7,"Manchester, UK",53.4794892,-2.2451148,United Kingdom,116,10.0,John Carney,2026-02-25T18:30:00Z[Europe/London],True,https://www.meetup.com/pydata-manchester/events/,https://www.meetup.com/pydata-manchester/members/?op=leaders,20.0
PyData Bradford,https://www.meetup.com/pydata-bradford,pydata-bradford,328,Bradford,4.9,Bradford,53.7944229,-1.7519186,United Kingdom,10,5.0,Elizabeth Osanyinro,2026-02-27T18:00:00Z[Europe/London],False,https://www.meetup.com/pydata-bradford/events/,https://www.meetup.com/pydata-bradford/members/?op=leaders,18.0
PyData Huddersfield,https://www.meetup.com/pydata-huddersfield,pydata-huddersfield,482,Huddersfield,4.8,Huddersfield,53.6466645,-1.7822482,United Kingdom,6,3.0,Onyeka Ojumah,2025-12-12T17:00:00Z[Europe/London],False,https://www.meetup.com/pydata-huddersfield/events/,https://www.meetup.com/pydata-huddersfield/members/?op=leaders,95.0
PyData Leeds,https://www.meetup.com/pydata-leeds,pydata-leeds,897,Leeds,4.7,"Leeds, UK",53.7974185,-1.5437941,United Kingdom,15,3.0,Adam Ellis,2026-03-03T17:30:00Z[Europe/London],False,https://www.meetup.com/pydata-leeds/events/,https://www.meetup.com/pydata-leeds/members/?op=leaders,14.0
PyData Cardiff Meetup,https://www.meetup.com/pydata-cardiff-meetup,pydata-cardiff-meetup,1130,Cardiff,4.8,"Cardiff, UK",51.4816546,-3.1791934,United Kingdom,26,6.0,Tim Vivian-Griffiths,2026-02-12T18:00:00Z[Europe/London],False,https://www.meetup.com/pydata-cardiff-meetup/events/,https://www.meetup.com/pydata-cardiff-meetup/members/?op=leaders,33.0
PyData Wolverhampton,https://www.meetup.com/pydata-wolverhampton,pydata-wolverhampton,70,Wolverhampton,,Wolverhampton,52.5847651,-2.127567,United Kingdom,2,,"NumFOCUS, Inc.",2026-01-22T18:00:00Z[Europe/London],False,https://www.meetup.com/pydata-wolverhampton/events/,https://www.meetup.com/pydata-wolverhampton/members/?op=leaders,54.0
PyData Exeter,https://www.meetup.com/pydata-exeter,pydata-exeter,533,Exeter,4.6,Exeter,50.7256138,-3.5269209,United Kingdom,14,7.0,Anna,2026-03-04T18:45:00Z[Europe/London],False,https://www.meetup.com/pydata-exeter/events/,https://www.meetup.com/pydata-exeter/members/?op=leaders,13.0
"PyData Birmingham, UK",https://www.meetup.com/pydata-birmingham-uk,pydata-birmingham-uk,193,Birmingham,4.3,"Birmingham, UK",52.4796992,-1.9026911,United Kingdom,2,,,2025-09-09T17:30:00+01:00[Europe/London],False,https://www.meetup.com/pydata-birmingham-uk/events/,https://www.meetup.com/pydata-birmingham-uk/members/?op=leaders,189.0
PyData Bristol,https://www.meetup.com/PyData-Bristol,PyData-Bristol,1328,Bristol,4.8,"Bristol, UK",51.4538022,-2.5972985,United Kingdom,44,11.0,Frank Kelly,2025-12-09T10:30:00Z[Europe/London],False,https://www.meetup.com/PyData-Bristol/events/,https://www.meetup.com/PyData-Bristol/members/?op=leaders,98.0
PyData Pará,https://www.meetup.com/pydata-para,pydata-para,209,Belém,5.0,Pará,-4.7493933,-52.8973006,Brasil,2,5.0,"NumFOCUS, Inc.",2025-12-09T10:30:00-04:00[America/Boa_Vista],False,https://www.meetup.com/pydata-para/events/,https://www.meetup.com/pydata-para/members/?op=leaders,98.0
PyData Hull,https://www.meetup.com/pydata-hull,pydata-hull,122,Hull,,Hull,53.7623863,-0.3301214,United Kingdom,2,4.0,"NumFOCUS, Inc.",2026-02-27T18:00:00Z[Europe/London],False,https://www.meetup.com/pydata-hull/events/,https://www.meetup.com/pydata-hull/members/?op=leaders,18.0
PyData Leicester,https://www.meetup.com/test-austin,test-austin,47,Leicester,,Leicester,52.6362,-1.1331969,United Kingdom,1,,"NumFOCUS, Inc.",2025-12-09T10:30:00Z[Europe/London],False,https://www.meetup.com/test-austin/events/,https://www.meetup.com/test-austin/members/?op=leaders,98.0
PyData Milton Keynes,https://www.meetup.com/pydata-milton-keynes,pydata-milton-keynes,2149,Milton Keynes,4.5,Milton Keynes,52.0406502,-0.7594092,United Kingdom,3,3.0,Grace Farayola,2026-02-12T18:00:00Z[Europe/London],False,https://www.meetup.com/pydata-milton-keynes/events/,https://www.meetup.com/pydata-milton-keynes/members/?op=leaders,33.0
PyData Southampton,https://www.meetup.com/pydata-southampton,pydata-southampton,716,Southampton,4.8,Southampton,50.9025349,-1.404189,United Kingdom,40,9.0,Adam Hill,2026-03-17T19:00:00Z[Europe/London],False,https://www.meetup.com/pydata-southampton/events/,https://www.meetup.com/pydata-southampton/members/?op=leaders,0.0
PyData Cambridge,https://www.meetup.com/pydata-cambridge-meetup,pydata-cambridge-meetup,1843,Cambridge,4.6,"Cambridge, UK",52.2055314,0.1186637,United Kingdom,62,7.0,Leandro Nunes,2025-12-09T10:30:00Z[Europe/London],False,https://www.meetup.com/pydata-cambridge-meetup/events/,https://www.meetup.com/pydata-cambridge-meetup/members/?op=leaders,98.0
PyData Surrey,https://www.meetup.com/pydata-surrey,pydata-surrey,17,Woking,,Surrey,51.2715316,-0.3414524,United Kingdom,1,,"NumFOCUS, Inc.",2025-12-09T10:30:00Z[Europe/London],False,https://www.meetup.com/pydata-surrey/events/,https://www.meetup.com/pydata-surrey/members/?op=leaders,98.0
PyData London Meetup,https://www.meetup.com/pydata-london-meetup,pydata-london-meetup,16208,London,4.7,"London, UK",51.5074456,-0.1277653,United Kingdom,124,17.0,"NumFOCUS, Inc.",2026-03-03T18:30:00Z[Europe/London],False,https://www.meetup.com/pydata-london-meetup/events/,https://www.meetup.com/pydata-london-meetup/members/?op=leaders,14.0
PyData Katsina,https://www.meetup.com/pydata-katsina,pydata-katsina,7,Norwich,,"Katsina, Nigeria",12.5630825,7.6207063,Nigeria,1,,"NumFOCUS, Inc.",2025-12-09T10:30:00Z[Europe/London],False,https://www.meetup.com/pydata-katsina/events/,https://www.meetup.com/pydata-katsina/members/?op=leaders,98.0
PyData Norwich,https://www.meetup.com/pydata-norwich,pydata-norwich,118,Norwich,5.0,Norwich,52.6285576,1.2923954,United Kingdom,7,4.0,"NumFOCUS, Inc.",2026-03-16T17:45:00Z[Europe/London],False,https://www.meetup.com/pydata-norwich/events/,https://www.meetup.com/pydata-norwich/members/?op=leaders,1.0
PyData Kent,https://www.meetup.com/pydata-kent,pydata-kent,35,Canterbury,,Kent,51.2070749,0.7210362,United Kingdom,1,,"NumFOCUS, Inc.",2025-12-09T10:30:00Z[Europe/London],False,https://www.meetup.com/pydata-kent/events/,https://www.meetup.com/pydata-kent/members/?op=leaders,98.0
PyData Lisbon,https://www.meetup.com/PyData-Lisbon,PyData-Lisbon,2160,Lisbon,4.7,Lisbon,38.7077507,-9.1365919,Portugal,26,3.0,Sílvio Rodrigues,2025-12-09T10:30:00Z[Europe/Lisbon],False,https://www.meetup.com/PyData-Lisbon/events/,https://www.meetup.com/PyData-Lisbon/members/?op=leaders,98.0
PyData Amsterdam,https://www.meetup.com/pydata-nl,pydata-nl,6540,Amsterdam,4.6,Amsterdam,52.3730796,4.8924534,Nederland,101,10.0,"NumFOCUS, Inc.",2026-03-12T16:30:00+01:00[Europe/Amsterdam],True,https://www.meetup.com/pydata-nl/events/,https://www.meetup.com/pydata-nl/members/?op=leaders,5.0
Pydata Belgium,https://www.meetup.com/Pydata-Belgium,Pydata-Belgium,594,Brussels,4.9,"Brussels, Belgium",50.8467372,4.352493,België / Belgique / Belgien,9,,Murilo Cunha,2025-12-09T10:30:00+01:00[Europe/Brussels],False,https://www.meetup.com/Pydata-Belgium/events/,https://www.meetup.com/Pydata-Belgium/members/?op=leaders,98.0
PyData Paris,https://www.meetup.com/pydata-paris,pydata-paris,5147,Paris,4.7,Paris,48.8534951,2.3483915,France,36,5.0,Sylvain Corlay,2025-12-09T10:30:00+01:00[Europe/Paris],False,https://www.meetup.com/pydata-paris/events/,https://www.meetup.com/pydata-paris/members/?op=leaders,98.0
PyData Eindhoven,https://www.meetup.com/pydata-eindhoven,pydata-eindhoven,1158,Eindhoven,4.7,Eindhoven,51.4392648,5.478633,Nederland,20,11.0,Gareth Thomas,2025-12-09T07:00:00+01:00[Europe/Amsterdam],True,https://www.meetup.com/pydata-eindhoven/events/,https://www.meetup.com/pydata-eindhoven/members/?op=leaders,98.0
PyData Madrid,https://www.meetup.com/pydata-madrid,pydata-madrid,2157,Madrid,4.8,Madrid,40.416782,-3.703507,España,53,7.0,"NumFOCUS, Inc.",2026-02-19T18:00:00+01:00[Europe/Madrid],True,https://www.meetup.com/pydata-madrid/events/,https://www.meetup.com/pydata-madrid/members/?op=leaders,26.0
Copenhagen Julia Meetup Group,https://www.meetup.com/copenhagen-julia-meetup-group,copenhagen-julia-meetup-group,226,Copenhagen,4.8,"Copenhagen, Denmark",55.6867243,12.5700724,Danmark,8,3.0,Mikkel Paltorp,2025-06-18T15:45:00+02:00[Europe/Copenhagen],False,https://www.meetup.com/copenhagen-julia-meetup-group/events/,https://www.meetup.com/copenhagen-julia-meetup-group/members/?op=leaders,272.0
PyData Copenhagen,https://www.meetup.com/PyData-Copenhagen,PyData-Copenhagen,2706,Copenhagen,4.7,Copenhagen,55.6867243,12.5700724,Danmark,53,,"NumFOCUS, Inc.",2025-12-09T10:30:00+01:00[Europe/Copenhagen],False,https://www.meetup.com/PyData-Copenhagen/events/,https://www.meetup.com/PyData-Copenhagen/members/?op=leaders,98.0
PyData Stockholm,https://www.meetup.com/pydatastockholm,pydatastockholm,1689,Stockholm,4.7,Stockholm,59.3251172,18.0710935,Sverige,28,9.0,Jim Dowling,2025-12-09T10:30:00+01:00[Europe/Stockholm],False,https://www.meetup.com/pydatastockholm/events/,https://www.meetup.com/pydatastockholm/members/?op=leaders,98.0
"Datenanalyse, Data Science und Statistik - PyData Dortmund",https://www.meetup.com/datenanalyse-dortmund-pydata,datenanalyse-dortmund-pydata,153,Dortmund,4.2,"Dortmund, Germany",51.5142273,7.4652789,Deutschland,15,3.0,Dominik Schütgens,2025-12-18T17:30:00+01:00[Europe/Berlin],False,https://www.meetup.com/datenanalyse-dortmund-pydata/events/,https://www.meetup.com/datenanalyse-dortmund-pydata/members/?op=leaders,89.0
PyData Hamburg,https://www.meetup.com/PyData-Hamburg,PyData-Hamburg,2461,Hamburg,4.6,Hamburg,53.550341,10.000654,Deutschland,43,6.0,"NumFOCUS, Inc.",2025-12-09T10:30:00+01:00[Europe/Berlin],False,https://www.meetup.com/PyData-Hamburg/events/,https://www.meetup.com/PyData-Hamburg/members/?op=leaders,98.0
PyData Rhein-Main - Artificial Intelligence in Python,https://www.meetup.com/pydata-rhein-main,pydata-rhein-main,1731,Frankfurt,4.6,"Frankfurt, Germany",50.1106444,8.6820917,Deutschland,18,3.0,Alexander C. S. Hendorf,2025-12-09T10:30:00+01:00[Europe/Berlin],False,https://www.meetup.com/pydata-rhein-main/events/,https://www.meetup.com/pydata-rhein-main/members/?op=leaders,98.0
PyData Malaga,https://www.meetup.com/pydata-malaga,pydata-malaga,431,Málaga,4.9,Malaga,36.7213028,-4.4216366,España,10,4.0,Frank Kelly,2025-12-09T10:30:00+01:00[Europe/Madrid],False,https://www.meetup.com/pydata-malaga/events/,https://www.meetup.com/pydata-malaga/members/?op=leaders,98.0
PyData Südwest - Artificial Intelligence in Python,https://www.meetup.com/pydata-suedwest,pydata-suedwest,1800,Heidelberg,4.8,"Heidelberg, Germany",49.4093582,8.694724,Deutschland,39,6.0,Alexander C. S. Hendorf,2025-12-09T10:30:00+01:00[Europe/Berlin],False,https://www.meetup.com/pydata-suedwest/events/,https://www.meetup.com/pydata-suedwest/members/?op=leaders,98.0
PyData GRX,https://www.meetup.com/pydatagrx,pydatagrx,685,Granada,4.9,"Granada, Spain",37.1734995,-3.5995337,España,17,11.0,Manuel,2026-02-17T17:30:00+01:00[Europe/Madrid],False,https://www.meetup.com/pydatagrx/events/,https://www.meetup.com/pydatagrx/members/?op=leaders,28.0
PyData Helsinki,https://www.meetup.com/pydatahelsinki,pydatahelsinki,921,Helsinki,4.8,Helsinki,60.1666204,24.9435408,Suomi / Finland,14,7.0,Jouni Seppänen,2026-02-26T15:30:00+02:00[Europe/Helsinki],True,https://www.meetup.com/pydatahelsinki/events/,https://www.meetup.com/pydatahelsinki/members/?op=leaders,19.0
PyData Berlin,https://www.meetup.com/PyData-Berlin,PyData-Berlin,9524,Berlin,4.6,Berlin,52.5173885,13.3951309,Deutschland,139,20.0,"NumFOCUS, Inc.",2026-03-11T17:45:00+01:00[Europe/Berlin],False,https://www.meetup.com/PyData-Berlin/events/,https://www.meetup.com/PyData-Berlin/members/?op=leaders,6.0
PyData Tallinn,https://www.meetup.com/pydata-tallinn,pydata-tallinn,528,Tallinn,4.7,Tallinn,59.437242,24.7572693,Eesti,7,3.0,Isaac Chung,2025-11-26T16:00:00+02:00[Europe/Tallinn],True,https://www.meetup.com/pydata-tallinn/events/,https://www.meetup.com/pydata-tallinn/members/?op=leaders,111.0
PyData Valencia,https://www.meetup.com/pydata-valencia,pydata-valencia,139,Valencia,4.9,Valencia,39.4697065,-0.3763353,España,3,5.0,"NumFOCUS, Inc.",2025-12-09T10:30:00+01:00[Europe/Madrid],False,https://www.meetup.com/pydata-valencia/events/,https://www.meetup.com/pydata-valencia/members/?op=leaders,98.0
PyData Zurich,https://www.meetup.com/PyData-Zurich,PyData-Zurich,1978,Zürich,4.5,Zurich,47.3744489,8.5410422,Schweiz/Suisse/Svizzera/Svizra,32,6.0,Titus von Köller,2025-12-10T17:00:00+01:00[Europe/Zurich],False,https://www.meetup.com/PyData-Zurich/events/,https://www.meetup.com/PyData-Zurich/members/?op=leaders,97.0
PyData Valais,https://www.meetup.com/pydata-valais,pydata-valais,209,Sion,4.7,Valais,46.2303063,7.6605757,Schweiz/Suisse/Svizzera/Svizra,3,4.0,Raphaël Lüthi,2025-10-01T15:45:00+02:00[Europe/Zurich],False,https://www.meetup.com/pydata-valais/events/,https://www.meetup.com/pydata-valais/members/?op=leaders,167.0
PyData Trojmiasto,https://www.meetup.com/PyData-Trojmiasto,PyData-Trojmiasto,1624,Gdansk,4.7,"Gdansk, Poland",54.3482907,18.6540233,Polska,48,5.0,P. Stoworowicz,2026-02-18T17:00:00+01:00[Europe/Warsaw],True,https://www.meetup.com/PyData-Trojmiasto/events/,https://www.meetup.com/PyData-Trojmiasto/members/?op=leaders,27.0
PyData Eivissa/Ibiza,https://www.meetup.com/pydata-eivissa-ibiza,pydata-eivissa-ibiza,117,Eivissa,4.8,Eivissa/Ibiza,38.9743901,1.4197463,España,3,4.0,Juan Luis Cano,2025-06-04T17:00:00+02:00[Europe/Madrid],False,https://www.meetup.com/pydata-eivissa-ibiza/events/,https://www.meetup.com/pydata-eivissa-ibiza/members/?op=leaders,286.0
PyData Bydgoszcz,https://www.meetup.com/pydata-bydgoszcz,pydata-bydgoszcz,854,Bydgoszcz,4.8,Bydgoszcz,53.1219648,18.0002529,Polska,38,6.0,PyData Bydgoszcz,2025-10-28T17:00:00+01:00[Europe/Warsaw],False,https://www.meetup.com/pydata-bydgoszcz/events/,https://www.meetup.com/pydata-bydgoszcz/members/?op=leaders,140.0
PyData Munich,https://www.meetup.com/PyData-Munchen,PyData-Munchen,3724,München,4.5,Munich,48.1371079,11.5753822,Deutschland,67,4.0,Saloua Litayem,2025-12-09T10:30:00+01:00[Europe/Berlin],False,https://www.meetup.com/PyData-Munchen/events/,https://www.meetup.com/PyData-Munchen/members/?op=leaders,98.0
PyData Prague,https://www.meetup.com/PyData-Prague,PyData-Prague,2324,Prague,4.7,Prague,50.0874654,14.4212535,Česko,43,7.0,Ondřej Kokeš,2026-03-10T17:00:00+01:00[Europe/Prague],False,https://www.meetup.com/PyData-Prague/events/,https://www.meetup.com/PyData-Prague/members/?op=leaders,7.0
PyData Milano,https://www.meetup.com/pydata-milano,pydata-milano,1247,Milano,4.7,Milano,45.4641943,9.1896346,Italia,23,8.0,Pietro Peterlongo,2026-02-18T17:30:00+01:00[Europe/Rome],True,https://www.meetup.com/pydata-milano/events/,https://www.meetup.com/pydata-milano/members/?op=leaders,27.0
PyData Warsaw,https://www.meetup.com/PyData-Warsaw,PyData-Warsaw,4559,Warsaw,4.6,Warsaw,52.2333742,21.0711489,Polska,57,7.0,"NumFOCUS, Inc.",2026-01-28T17:00:00+01:00[Europe/Warsaw],False,https://www.meetup.com/PyData-Warsaw/events/,https://www.meetup.com/PyData-Warsaw/members/?op=leaders,48.0
PyData Venice,https://www.meetup.com/pydata-venice,pydata-venice,1194,Venezia,4.5,Venice,45.4371908,12.3345898,Italia,27,4.0,Fabio Lamanna,2026-02-26T18:00:00+01:00[Europe/Rome],True,https://www.meetup.com/pydata-venice/events/,https://www.meetup.com/pydata-venice/members/?op=leaders,19.0
PyData Natal,https://www.meetup.com/pydata-natal,pydata-natal,509,Natal,4.9,Natal,-5.805398,-35.2080905,Brasil,6,6.0,Mariana Queiroz,2026-02-26T22:00:00-03:00[America/Fortaleza],False,https://www.meetup.com/pydata-natal/events/,https://www.meetup.com/pydata-natal/members/?op=leaders,19.0
PyData Slovakia & Bratislava,https://www.meetup.com/pydata-slovakia-bratislava,pydata-slovakia-bratislava,327,Bratislava,4.7,Slovakia & Bratislava,48.1559178,17.1313541,Slovensko,40,4.0,Radovan Kavicky,2025-12-09T10:30:00+01:00[Europe/Bratislava],False,https://www.meetup.com/pydata-slovakia-bratislava/events/,https://www.meetup.com/pydata-slovakia-bratislava/members/?op=leaders,98.0
PyData Ljubljana Meetup,https://www.meetup.com/PyData-Slovenia-Meetup,PyData-Slovenia-Meetup,687,Ljubljana,4.6,Ljubljana,46.0500268,14.5069289,Slovenija,20,4.0,Andrey Vykhodtsev,2025-12-09T10:30:00+01:00[Europe/Ljubljana],False,https://www.meetup.com/PyData-Slovenia-Meetup/events/,https://www.meetup.com/PyData-Slovenia-Meetup/members/?op=leaders,98.0
PyData Roma Capitale,https://www.meetup.com/pydata-roma-capitale,pydata-roma-capitale,249,Roma,4.8,Roma Capitale,41.8933203,12.4829321,Italia,8,8.0,Egon Ferri,2026-02-26T17:00:00+01:00[Europe/Rome],True,https://www.meetup.com/pydata-roma-capitale/events/,https://www.meetup.com/pydata-roma-capitale/members/?op=leaders,19.0
PyData Rome,https://www.meetup.com/pydata-rome,pydata-rome,276,Roma,4.8,Rome,41.8933203,12.4829321,Italia,8,,Luigi Selmi,2025-01-21T17:30:00+01:00[Europe/Rome],False,https://www.meetup.com/pydata-rome/events/,https://www.meetup.com/pydata-rome/members/?op=leaders,420.0
PyData Beograd,https://www.meetup.com/pydata-beograd,pydata-beograd,130,Belgrade,,Beograd,44.8153318,20.4456588,Србија,1,,Aleksandr Zverianskii,2024-01-31T17:00:00+01:00[Europe/Belgrade],False,https://www.meetup.com/pydata-beograd/events/,https://www.meetup.com/pydata-beograd/members/?op=leaders,776.0
PyData Cluj-Napoca,https://www.meetup.com/PyData-Cluj-Napoca,PyData-Cluj-Napoca,765,Cluj-Napoca,4.8,Cluj-Napoca,46.769379,23.5899542,România,39,3.0,Sebastian Breştin,2025-12-09T10:30:00+02:00[Europe/Bucharest],False,https://www.meetup.com/PyData-Cluj-Napoca/events/,https://www.meetup.com/PyData-Cluj-Napoca/members/?op=leaders,98.0
PyData Conakry,https://www.meetup.com/pydata-conakry,pydata-conakry,111,Conakry,,Conakry,9.5170602,-13.6998434,Guinée,0,3.0,Abdoulaye Balde,,False,https://www.meetup.com/pydata-conakry/events/,https://www.meetup.com/pydata-conakry/members/?op=leaders,
PyData Sibiu,https://www.meetup.com/pydata-sibiu-meetup-group,pydata-sibiu-meetup-group,156,Sibiu,4.9,Sibiu,45.7973912,24.1519202,România,11,3.0,Iulian Cozma,2025-07-24T16:00:00+03:00[Europe/Bucharest],False,https://www.meetup.com/pydata-sibiu-meetup-group/events/,https://www.meetup.com/pydata-sibiu-meetup-group/members/?op=leaders,236.0
PyData Belo Horizonte,https://www.meetup.com/PyData-Belo-Horizonte,PyData-Belo-Horizonte,1834,Belo Horizonte,4.8,Belo Horizonte,-19.9227318,-43.9450948,Brasil,44,5.0,Andre ROCHA,2025-12-09T10:30:00-03:00[America/Sao_Paulo],False,https://www.meetup.com/PyData-Belo-Horizonte/events/,https://www.meetup.com/PyData-Belo-Horizonte/members/?op=leaders,98.0
PyData Skopje,https://www.meetup.com/PyData-Skopje,PyData-Skopje,868,Skopje,5.0,Skopje,41.9961816,21.4319213,Северна Македонија,26,6.0,novica,2026-02-25T17:00:00+01:00[Europe/Skopje],False,https://www.meetup.com/PyData-Skopje/events/,https://www.meetup.com/PyData-Skopje/members/?op=leaders,20.0
PyData São Paulo,https://www.meetup.com/PyData-Sao-Paulo,PyData-Sao-Paulo,8050,São Paulo,4.7,São Paulo,-23.5506507,-46.6333824,Brasil,72,6.0,Ricardo Manhães Savii,2025-12-09T10:30:00-03:00[America/Sao_Paulo],False,https://www.meetup.com/PyData-Sao-Paulo/events/,https://www.meetup.com/PyData-Sao-Paulo/members/?op=leaders,98.0
PyData Sofia,https://www.meetup.com/pydata-sofia,pydata-sofia,666,Sofia,4.5,Sofia,42.6977028,23.3217359,България,23,4.0,Yasen Kiprov,2025-05-12T15:00:00+03:00[Europe/Sofia],True,https://www.meetup.com/pydata-sofia/events/,https://www.meetup.com/pydata-sofia/members/?op=leaders,309.0
PyData Bucharest,https://www.meetup.com/pydata-bucharest,pydata-bucharest,19,Bucharest,, Bucharest,44.4361414,26.102684,România,1,,"NumFOCUS, Inc.",2025-12-09T10:30:00+02:00[Europe/Bucharest],False,https://www.meetup.com/pydata-bucharest/events/,https://www.meetup.com/pydata-bucharest/members/?op=leaders,98.0
PyData RJ,https://www.meetup.com/PyData-Rio,PyData-Rio,859,Rio de Janeiro,4.9,"Rio de Janeiro, Brazil",-22.9110137,-43.2093727,Brasil,12,,Marina Mattos,2025-12-09T10:30:00-03:00[America/Sao_Paulo],False,https://www.meetup.com/PyData-Rio/events/,https://www.meetup.com/PyData-Rio/members/?op=leaders,98.0
PyData Piraeus,https://www.meetup.com/PyData-Piraeus,PyData-Piraeus,507,Piraieús,4.6,Piraeus,37.9431594,23.6470593,Ελλάς,10,5.0,Vladimir Iurcovschi,2025-11-14T16:00:00+02:00[Europe/Athens],False,https://www.meetup.com/PyData-Piraeus/events/,https://www.meetup.com/PyData-Piraeus/members/?op=leaders,123.0
PyData Athens,https://www.meetup.com/PyData-Athens,PyData-Athens,1240,Athens,4.6,"Athens, Greece",37.9755648,23.7348324,Ελλάς,24,,John Doxaras,2025-12-09T10:30:00+02:00[Europe/Athens],False,https://www.meetup.com/PyData-Athens/events/,https://www.meetup.com/PyData-Athens/members/?op=leaders,98.0
PyData Turkiye,https://www.meetup.com/pydata-turkiye,pydata-turkiye,465,Istanbul,4.9,Turkiye,39.294076,35.2316631,Türkiye,4,4.0,Hasan Özdemir,2025-11-27T13:00:00+03:00[Europe/Istanbul],True,https://www.meetup.com/pydata-turkiye/events/,https://www.meetup.com/pydata-turkiye/members/?op=leaders,110.0
PyData Buenos Aires,https://www.meetup.com/pydata-buenos-aires,pydata-buenos-aires,549,Buenos Aires,4.9,Buenos Aires,-34.6095579,-58.3887904,Argentina,12,3.0,Javier Martinez,2025-12-09T10:30:00-03:00[America/Argentina/Buenos_Aires],False,https://www.meetup.com/pydata-buenos-aires/events/,https://www.meetup.com/pydata-buenos-aires/members/?op=leaders,98.0
PyData Cyprus,https://www.meetup.com/PyData-Cyprus,PyData-Cyprus,1008,Lemesos,4.8,Cyprus,34.9174159,32.8899027,Κύπρος - Kıbrıs,43,6.0,Argyrou Argyris,2025-12-09T10:30:00+02:00[Asia/Nicosia],False,https://www.meetup.com/PyData-Cyprus/events/,https://www.meetup.com/PyData-Cyprus/members/?op=leaders,98.0
PyData Yerevan,https://www.meetup.com/pydata-yerevan,pydata-yerevan,480,Yerevan,4.8,Yerevan,40.1777112,44.5126233,Հայաստան,30,5.0,Habet,2026-02-28T15:00:00+04:00[Asia/Yerevan],False,https://www.meetup.com/pydata-yerevan/events/,https://www.meetup.com/pydata-yerevan/members/?op=leaders,17.0
PyData Lagos,https://www.meetup.com/pydata-lagos,pydata-lagos,3276,Lagos,4.6,Lagos,6.4550575,3.3941795,Nigeria,19,5.0,"NumFOCUS, Inc.",2026-02-28T15:00:00+01:00[Africa/Lagos],True,https://www.meetup.com/pydata-lagos/events/,https://www.meetup.com/pydata-lagos/members/?op=leaders,17.0
PyData Kaduna,https://www.meetup.com/PyData-Kaduna,PyData-Kaduna,461,Kaduna,,Kaduna,10.5182899,7.4359863,Nigeria,10,3.0,Sanusi Dabo Lawal,2025-12-09T10:30:00+01:00[Africa/Lagos],False,https://www.meetup.com/PyData-Kaduna/events/,https://www.meetup.com/PyData-Kaduna/members/?op=leaders,98.0
PyData Abuja,https://www.meetup.com/pydata-abuja,pydata-abuja,59,Abuja,,Abuja,9.0643305,7.4892974,Nigeria,2,3.0,Dele Amefo,2025-04-22T16:00:00+01:00[Africa/Lagos],False,https://www.meetup.com/pydata-abuja/events/,https://www.meetup.com/pydata-abuja/members/?op=leaders,329.0
PyData Tel Aviv,https://www.meetup.com/pydata-tel-aviv,pydata-tel-aviv,9304,Tel Aviv-Yafo,4.5,Tel Aviv,32.0852997,34.7818064,ישראל,69,5.0,Iddo Berger,2025-12-09T10:30:00+02:00[Asia/Jerusalem],False,https://www.meetup.com/pydata-tel-aviv/events/,https://www.meetup.com/pydata-tel-aviv/members/?op=leaders,98.0
PyData Bauchi,https://www.meetup.com/pydata-bauchi,pydata-bauchi,30,Bauchi,,Bauchi,10.3147618,9.8454417,Nigeria,0,,Emmanuel Dauda,,False,https://www.meetup.com/pydata-bauchi/events/,https://www.meetup.com/pydata-bauchi/members/?op=leaders,
PyData Warri,https://www.meetup.com/pydata-warri,pydata-warri,101,Warri,,Warri,5.5186186,5.7480196,Nigeria,0,,Fatimo Ajiboye,,False,https://www.meetup.com/pydata-warri/events/,https://www.meetup.com/pydata-warri/members/?op=leaders,
PyData Ughelli,https://www.meetup.com/pydata-ughelli,pydata-ughelli,59,Ughelli,,Ughelli,5.494188,5.995321,Nigeria,1,,"NumFOCUS, Inc.",2025-12-09T10:30:00+01:00[Africa/Lagos],False,https://www.meetup.com/pydata-ughelli/events/,https://www.meetup.com/pydata-ughelli/members/?op=leaders,98.0
PyData Kuwait,https://www.meetup.com/kuwait-pydata-meetup-group,kuwait-pydata-meetup-group,126,al-Kuwayt,,Kuwait,29.2733964,47.4979476,الكويت,7,5.0,,2025-12-09T10:30:00+03:00[Asia/Kuwait],False,https://www.meetup.com/kuwait-pydata-meetup-group/events/,https://www.meetup.com/kuwait-pydata-meetup-group/members/?op=leaders,98.0
PyData Riyadh,https://www.meetup.com/PyDataRiyadh,PyDataRiyadh,3144,Riyadh,4.7,Riyadh,23.333333,45.333333,السعودية,29,12.0,Abdulelah Al Mesfer,2025-08-06T16:00:00+03:00[Asia/Riyadh],False,https://www.meetup.com/PyDataRiyadh/events/,https://www.meetup.com/PyDataRiyadh/members/?op=leaders,223.0
PyData Taipei,https://www.meetup.com/pydata-taipei,pydata-taipei,20,Taipei,,Taipei,25.0375198,121.5636796,臺灣,3,,"NumFOCUS, Inc.",2026-02-19T07:00:00+08:00[Asia/Taipei],False,https://www.meetup.com/pydata-taipei/events/,https://www.meetup.com/pydata-taipei/members/?op=leaders,27.0
PyData Jalandhar,https://www.meetup.com/PyData-Jalandhar,PyData-Jalandhar,887,Jalandhar,4.2,Jalandhar,31.2922312,75.5678878,India,11,,Suraj Mani,2025-12-09T10:30:00+05:30[Asia/Kolkata],False,https://www.meetup.com/PyData-Jalandhar/events/,https://www.meetup.com/PyData-Jalandhar/members/?op=leaders,98.0
PyData Dubai meetup,https://www.meetup.com/pydata-dubai-meetup,pydata-dubai-meetup,1365,Dubai,4.8,"Dubai, UAE",25.0742823,55.1885387,الإمارات العربية المتحدة,14,6.0,"NumFOCUS, Inc.",2025-12-09T10:30:00+04:00[Asia/Dubai],False,https://www.meetup.com/pydata-dubai-meetup/events/,https://www.meetup.com/pydata-dubai-meetup/members/?op=leaders,98.0
PyData Delhi,https://www.meetup.com/PyDataDelhi,PyDataDelhi,8943,Delhi,4.6,Delhi,28.6138954,77.2090057,India,60,6.0,Sanket Verma,2025-12-09T10:30:00+05:30[Asia/Kolkata],False,https://www.meetup.com/PyDataDelhi/events/,https://www.meetup.com/PyDataDelhi/members/?op=leaders,98.0
PyData Kathmandu,https://www.meetup.com/PyData-Kathmandu,PyData-Kathmandu,517,Kathmandu,,Kathmandu,27.708317,85.3205817,नेपाल,5,3.0,Raj Kumar,2025-12-09T10:30:00+05:45[Asia/Kathmandu],False,https://www.meetup.com/PyData-Kathmandu/events/,https://www.meetup.com/PyData-Kathmandu/members/?op=leaders,98.0
PyData Hong Kong,https://www.meetup.com/PyData-Hong-Kong,PyData-Hong-Kong,289,Hong Kong,4.6,Hong Kong,22.2792968,114.1628907,中国,20,5.0,Howard Cheung,2025-12-16T10:30:00+08:00[Asia/Shanghai],False,https://www.meetup.com/PyData-Hong-Kong/events/,https://www.meetup.com/PyData-Hong-Kong/members/?op=leaders,92.0
PyData Karachi,https://www.meetup.com/pydata-karachi,pydata-karachi,318,Karachi,,Karachi,24.8546842,67.0207055,پاکستان,0,,Awaish Maheshwari,,False,https://www.meetup.com/pydata-karachi/events/,https://www.meetup.com/pydata-karachi/members/?op=leaders,
PyData Indore,https://www.meetup.com/pydata-indore,pydata-indore,113,Indore,,Indore,22.7203616,75.8681996,India,0,,Sumit S Chawla,,False,https://www.meetup.com/pydata-indore/events/,https://www.meetup.com/pydata-indore/members/?op=leaders,
Data Engineering Pilipinas - a PyData group,https://www.meetup.com/data-engineering-pilipinas,data-engineering-pilipinas,3885,Mandaluyong,4.6,"Manila, Philippines",14.5904492,120.9803621,Philippines,77,13.0,Myk Ogbinar,2026-03-14T11:00:00+08:00[Asia/Manila],True,https://www.meetup.com/data-engineering-pilipinas/events/,https://www.meetup.com/data-engineering-pilipinas/members/?op=leaders,4.0
PyData Kampala,https://www.meetup.com/PyData-Kampala,PyData-Kampala,1124,Kampala,4.9,Kampala,0.3177137,32.5813539,Uganda,17,6.0,Ernest Kabahima,2025-12-09T10:30:00+03:00[Africa/Kampala],False,https://www.meetup.com/PyData-Kampala/events/,https://www.meetup.com/PyData-Kampala/members/?op=leaders,98.0
PyData Mumbai,https://www.meetup.com/PyDataMumbai,PyDataMumbai,1415,Mumbai,4.5,Mumbai,19.054999,72.8692035,India,38,3.0,Sukanya Mandal,2025-12-09T10:30:00+05:30[Asia/Kolkata],False,https://www.meetup.com/PyDataMumbai/events/,https://www.meetup.com/PyDataMumbai/members/?op=leaders,98.0
PyData Chiang Mai,https://www.meetup.com/pydata-chiang-mai,pydata-chiang-mai,24,Chiang Mai,,Chiang Mai,18.7882778,98.9858802,ประเทศไทย,4,3.0,"NumFOCUS, Inc.",2026-02-09T11:30:00+07:00[Asia/Bangkok],False,https://www.meetup.com/pydata-chiang-mai/events/,https://www.meetup.com/pydata-chiang-mai/members/?op=leaders,37.0
PyData Pune,https://www.meetup.com/pydata-pune,pydata-pune,5590,Pune,4.4,Pune,18.5213738,73.8545071,India,47,7.0,MAYANK MISHRA,2025-12-09T10:30:00+05:30[Asia/Kolkata],False,https://www.meetup.com/pydata-pune/events/,https://www.meetup.com/pydata-pune/members/?op=leaders,98.0
PyData Nairobi,https://www.meetup.com/PyData-Nairobi,PyData-Nairobi,947,Nairobi,5.0,Nairobi,-1.2890006,36.8172812,Kenya,11,4.0,Robin Kiplangat,2025-12-09T10:30:00+03:00[Africa/Nairobi],False,https://www.meetup.com/PyData-Nairobi/events/,https://www.meetup.com/PyData-Nairobi/members/?op=leaders,98.0
PyData Brisbane,https://www.meetup.com/PyData-Brisbane,PyData-Brisbane,58,Brisbane,,Brisbane,-27.4689623,153.0235009,Australia,1,,Nikhil Ahuja,2025-08-08T03:00:00+10:00[Australia/Brisbane],False,https://www.meetup.com/PyData-Brisbane/events/,https://www.meetup.com/PyData-Brisbane/members/?op=leaders,222.0
PyData Bangalore,https://www.meetup.com/pydata-bangalore,pydata-bangalore,3312,Bangalore,4.7,Bangalore,12.9767936,77.590082,India,20,4.0,Vinayak Mehta,2025-12-09T10:30:00+05:30[Asia/Kolkata],False,https://www.meetup.com/pydata-bangalore/events/,https://www.meetup.com/pydata-bangalore/members/?op=leaders,98.0
PyData OMR,https://www.meetup.com/pydata-omr,pydata-omr,2408,Chennai,3.9,"Chennai, India",13.0836939,80.270186,India,13,,,2025-12-09T10:30:00+05:30[Asia/Kolkata],False,https://www.meetup.com/pydata-omr/events/,https://www.meetup.com/pydata-omr/members/?op=leaders,98.0
PyData Chennai,https://www.meetup.com/PyData-Chennai,PyData-Chennai,3311,Chennai,,Chennai,13.0836939,80.270186,India,25,,"NumFOCUS, Inc.",2025-12-09T10:30:00+05:30[Asia/Kolkata],False,https://www.meetup.com/PyData-Chennai/events/,https://www.meetup.com/PyData-Chennai/members/?op=leaders,98.0
PyData Tanzania,https://www.meetup.com/pydata-tanzania,pydata-tanzania,265,Dar es Salaam,,Tanzania,-6.5247123,35.7878438,Tanzania,2,,Python Tanzania Secretariat,2025-08-11T05:00:00+03:00[Africa/Dar_es_Salaam],False,https://www.meetup.com/pydata-tanzania/events/,https://www.meetup.com/pydata-tanzania/members/?op=leaders,219.0
PyData Cape Town,https://www.meetup.com/PyData-Cape-Town,PyData-Cape-Town,340,Cape Town,,Cape Town,-33.9288301,18.4172197,South Africa,7,4.0,Laura Richter,2025-12-09T10:30:00+02:00[Africa/Johannesburg],False,https://www.meetup.com/PyData-Cape-Town/events/,https://www.meetup.com/PyData-Cape-Town/members/?op=leaders,98.0
PyData Sydney,https://www.meetup.com/PyData-Sydney,PyData-Sydney,2068,Sydney,4.4,Sydney,-33.8698439,151.2082848,Australia,24,8.0,Kale Temple,2025-12-09T10:30:00+11:00[Australia/Sydney],False,https://www.meetup.com/PyData-Sydney/events/,https://www.meetup.com/PyData-Sydney/members/?op=leaders,99.0
PyData Johannesburg,https://www.meetup.com/pydata-johannesburg,pydata-johannesburg,2204,Johannesburg,4.7,Johannesburg,-26.205,28.049722,South Africa,38,,"NumFOCUS, Inc.",2025-12-09T10:30:00+02:00[Africa/Johannesburg],False,https://www.meetup.com/pydata-johannesburg/events/,https://www.meetup.com/pydata-johannesburg/members/?op=leaders,98.0
PyData Sri Lanka,https://www.meetup.com/colombo-pydata-meetup-group,colombo-pydata-meetup-group,308,Colombo,4.5,Sri Lanka,7.5554942,80.7137847,Sri Lanka,2,6.0,Dilshan Stephen Sonnadara,2025-09-01T09:30:00+05:30[Asia/Colombo],False,https://www.meetup.com/colombo-pydata-meetup-group/events/,https://www.meetup.com/colombo-pydata-meetup-group/members/?op=leaders,198.0
PyData Kuala Lumpur,https://www.meetup.com/PyDataKL,PyDataKL,315,Kuala Lumpur,4.1,Kuala Lumpur,3.1516964,101.6942371,Malaysia,11,3.0,Philip Khor,2025-12-09T10:30:00+08:00[Asia/Kuala_Lumpur],False,https://www.meetup.com/PyDataKL/events/,https://www.meetup.com/PyDataKL/members/?op=leaders,99.0
PyData Singapore,https://www.meetup.com/PyData-SG,PyData-SG,5708,Singapore,4.5,Singapore,1.357107,103.8194992,Singapore,58,6.0,Adam Drake,2025-12-09T10:30:00+08:00[Asia/Singapore],False,https://www.meetup.com/PyData-SG/events/,https://www.meetup.com/PyData-SG/members/?op=leaders,99.0
PyData Melbourne,https://www.meetup.com/pydata-melbourne,pydata-melbourne,198,Melbourne,4.9,Melbourne,-37.8142454,144.9631732,Australia,1,,Shashank Shekhar,2025-07-28T07:30:00+10:00[Australia/Melbourne],False,https://www.meetup.com/pydata-melbourne/events/,https://www.meetup.com/pydata-melbourne/members/?op=leaders,233.0
PyData Mauritius,https://www.meetup.com/pydata-mu,pydata-mu,87,Riviere du Rempart,,Mauritius,-20.2759451,57.5703566,Mauritius / Maurice,2,3.0,Aditya Bholah,2025-09-27T06:00:00+04:00[Indian/Mauritius],False,https://www.meetup.com/pydata-mu/events/,https://www.meetup.com/pydata-mu/members/?op=leaders,172.0
